{"OpenAI GPT 4.1": 89.69415211677551, "OpenAI GPT 5": 408.66400814056396, "OpenAI GPT 5-mini": 447.3474760055542, "OpenAI gpt:oss": 395.32504415512085, "Claude Opus 4.1": 106.3530433177948, "Claude Sonnet 4": 52.438400983810425, "Claude Haiku 3.5": 67.34768104553223, "Mistral small:22b": 504.06847310066223}