{"openai_gpt_4_1": 89.69415211677551, "openai_gpt_5": 408.66400814056396, "openai_gpt_5_mini": 447.3474760055542, "local": 395.32504415512085, "anthropic_opus_4_1": 106.3530433177948, "anthropic_sonnet_4": 52.438400983810425, "anthropic_haiku_3_5": 67.34768104553223, "mistral-small-22b": 504.06847310066223}